Workbook

Sheet Hướng dẫn
A1: CÁCH DÙNG
A2: - Sheet 'Test case': mỗi dòng là một ca. Chạy theo 'Các bước', điền 'Kết quả thực tế', chọn Trạng thái (Pass/Fail/Blocked), ngày test.
A3: - Ca Fail: ghi lỗi ở 'Nhật ký lỗi' (mã BUG-xx), điền mã vào 'Ghi chú / mã lỗi', rồi báo người phụ trách ở cột I.
A4: - Sheet 'Tổng hợp' tự cập nhật; dán số liệu vào báo cáo.
A5: - Dữ liệu mẫu: admin@campusguide.local / Admin@123, btv@campusguide.local / Btv@1234. Chế độ DEMO: bản dịch dạng [en] văn bản gốc, audio là tiếng bíp.
A6: - Ca UC01–08, UC12–17, UC22–23 viết ở mức cơ bản theo README; nên bổ sung sau khi đọc kỹ mô tả use case trong báo cáo của từng người.
A7: - Sheet 'Nhật ký lỗi' đã có sẵn 9 điểm NGHI VẤN từ việc đọc mã nguồn. Chưa chạy thử nên đừng coi là lỗi chắc chắn.

Sheet Test case
A1: Mã TC | B1: UC | C1: Tên use case | D1: Loại | E1: Mô tả | F1: Tiền điều kiện | G1: Các bước | H1: Kết quả mong đợi | I1: Người phụ trách sửa | J1: Kết quả thực tế | K1: Trạng thái | L1: Ngày test | M1: Ghi chú / mã lỗi
A2: TC01-01 | B2: UC01 | C2: Chọn ngôn ngữ | D2: Chính | E2: Chọn ngôn ngữ lần đầu | F2: Cài mới app, backend chạy | G2: 1. Mở app 2. Chọn English | H2: Vào màn hình chính, giao diện và nội dung điểm hiển thị tiếng Anh | I2: Minh | K2: Chưa test
A3: TC01-02 | B3: UC01 | C3: Chọn ngôn ngữ | D3: Thay thế | E3: Đổi ngôn ngữ trong Cài đặt | F3: Backend đang chạy; app đã chọn ngôn ngữ | G3: 1. Cài đặt 2. Đổi sang Tiếng Việt | H3: Giao diện và nội dung đổi sang tiếng Việt, ngôn ngữ được nhớ khi mở lại app | I3: Minh | K3: Chưa test
A4: TC01-03 | B4: UC01 | C4: Chọn ngôn ngữ | D4: Ngoại lệ | E4: Không kết nối được máy chủ | F4: Tắt backend | G4: 1. Mở app lần đầu | H4: Báo lỗi dễ hiểu, không crash | I4: Minh | K4: Chưa test
A5: TC02-01 | B5: UC02 | C5: Bản đồ, danh sách điểm | D5: Chính | E5: Xem bản đồ và danh sách điểm | F5: Backend đang chạy; app đã chọn ngôn ngữ | G5: 1. Mở tab Bản đồ 2. Mở tab Danh sách 3. Bấm một điểm | H5: Bản đồ hiện đủ 8 điểm mẫu; danh sách khớp; mở được chi tiết điểm | I5: Minh | K5: Chưa test
A6: TC02-02 | B6: UC02 | C6: Bản đồ, danh sách điểm | D6: Ngoại lệ | E6: Mất mạng khi xem điểm | F6: Đã tải gói offline, sau đó tắt mạng | G6: 1. Mở bản đồ | H6: Vẫn thấy ghim các điểm có trong gói offline | I6: Minh | K6: Chưa test
A7: TC03-01 | B7: UC03 | C7: Tìm kiếm | D7: Chính | E7: Tìm kiếm theo tên điểm | F7: Backend đang chạy; app đã chọn ngôn ngữ | G7: 1. Mở Tìm kiếm 2. Gõ một phần tên tòa nhà | H7: Danh sách kết quả khớp, bấm vào mở được chi tiết | I7: Minh | K7: Chưa test
A8: TC03-02 | B8: UC03 | C8: Tìm kiếm | D8: Ngoại lệ | E8: Từ khóa không có kết quả | F8: Backend đang chạy; app đã chọn ngôn ngữ | G8: 1. Gõ chuỗi vô nghĩa 'zzzzq' | H8: Hiện thông báo không tìm thấy, không lỗi | I8: Minh | K8: Chưa test
A9: TC04-01 | B9: UC04 | C9: Chỉ đường | D9: Chính | E9: Chỉ đường đến một điểm | F9: Bật vị trí giả lập | G9: 1. Mở chi tiết điểm 2. Bấm Chỉ đường | H9: Hiện tuyến đường và khoảng cách (OSRM) | I9: Minh | K9: Chưa test
A10: TC04-02 | B10: UC04 | C10: Chỉ đường | D10: Ngoại lệ | E10: Không có vị trí / không có mạng | F10: Tắt vị trí hoặc mạng | G10: 1. Bấm Chỉ đường | H10: Báo lỗi hoặc gợi ý bật vị trí, không crash | I10: Minh | K10: Chưa test
A11: TC05-01 | B11: UC05 | C11: Quét QR | D11: Chính | E11: Quét QR hợp lệ | F11: Mở ảnh QR của điểm trên màn hình máy tính | G11: 1. Chọn Scan QR 2. Đưa camera vào mã | H11: Mở đúng điểm và phát thuyết minh theo ngôn ngữ đã chọn | I11: Minh | K11: Chưa test
A12: TC05-02 | B12: UC05 | C12: Quét QR | D12: Ngoại lệ | E12: QR không thuộc hệ thống | F12: Backend đang chạy; app đã chọn ngôn ngữ | G12: 1. Quét một QR bất kỳ (link web) | H12: Báo mã không hợp lệ, không crash | I12: Minh | K12: Chưa test
A13: TC05-03 | B13: UC05 | C13: Quét QR | D13: Ngoại lệ | E13: Từ chối quyền camera | F13: Chưa cấp quyền camera | G13: 1. Bấm Scan QR 2. Từ chối quyền | H13: Hiện hướng dẫn cấp quyền | I13: Minh | K13: Chưa test
... A97: TC24-08 | B97: UC24 | C97: Thống kê, xuất Excel | D97: Ngoại lệ | E97: BTV truy cập Thống kê | F97: Đăng nhập btv@campusguide.local / Btv@1234 | G97: 1. Mở /admin/Stats | H97: Bị từ chối | I97: Vương | K97: Chưa test

Sheet Tổng hợp
A1: TỔNG HỢP KẾT QUẢ KIỂM THỬ – CAMPUSGUIDE
A2: Cột Pass/Fail/... tự tính từ cột Trạng thái của sheet 'Test case'. Chỉ sửa ở sheet 'Test case'.
A4: UC | B4: Tên use case | C4: Người phụ trách | D4: Tổng TC | E4: Pass | F4: Fail | G4: Blocked | H4: Chưa test | I4: % Pass | K4: Người phụ trách | L4: Số TC | M4: Fail
A5: UC01 | B5: Chọn ngôn ngữ | C5: Minh | D5: =COUNTIF('Test case'!$B$2:$B$97,A5) -> 3 | E5: =COUNTIFS('Test case'!$B$2:$B$97,A5,'Test case'!$K$2:$K$97,"Pass") -> 0 | F5: =COUNTIFS('Test case'!$B$2:$B$97,A5,'Test case'!$K$2:$K$97,"Fail") -> 0 | G5: =COUNTIFS('Test case'!$B$2:$B$97,A5,'Test case'!$K$2:$K$97,"Blocked") -> 0 | H5: =COUNTIFS('Test case'!$B$2:$B$97,A5,'Test case'!$K$2:$K$97,"Chưa test") -> 3 | I5: =IF(D5=0,0,E5/D5) -> 0 | K5: Minh | L5: =COUNTIF('Test case'!$I$2:$I$97,K5) -> 20 | M5: =COUNTIFS('Test case'!$I$2:$I$97,K5,'Test case'!$K$2:$K$97,"Fail") -> 0
A6: UC02 | B6: Bản đồ, danh sách điểm | C6: Minh | D6: =COUNTIF('Test case'!$B$2:$B$97,A6) -> 2 | E6: =COUNTIFS('Test case'!$B$2:$B$97,A6,'Test case'!$K$2:$K$97,"Pass") -> 0 | F6: =COUNTIFS('Test case'!$B$2:$B$97,A6,'Test case'!$K$2:$K$97,"Fail") -> 0 | G6: =COUNTIFS('Test case'!$B$2:$B$97,A6,'Test case'!$K$2:$K$97,"Blocked") -> 0 | H6: =COUNTIFS('Test case'!$B$2:$B$97,A6,'Test case'!$K$2:$K$97,"Chưa test") -> 2 | I6: =IF(D6=0,0,E6/D6) -> 0 | K6: Thắng | L6: =COUNTIF('Test case'!$I$2:$I$97,K6) -> 11 | M6: =COUNTIFS('Test case'!$I$2:$I$97,K6,'Test case'!$K$2:$K$97,"Fail") -> 0
A7: UC03 | B7: Tìm kiếm | C7: Minh | D7: =COUNTIF('Test case'!$B$2:$B$97,A7) -> 2 | E7: =COUNTIFS('Test case'!$B$2:$B$97,A7,'Test case'!$K$2:$K$97,"Pass") -> 0 | F7: =COUNTIFS('Test case'!$B$2:$B$97,A7,'Test case'!$K$2:$K$97,"Fail") -> 0 | G7: =COUNTIFS('Test case'!$B$2:$B$97,A7,'Test case'!$K$2:$K$97,"Blocked") -> 0 | H7: =COUNTIFS('Test case'!$B$2:$B$97,A7,'Test case'!$K$2:$K$97,"Chưa test") -> 2 | I7: =IF(D7=0,0,E7/D7) -> 0 | K7: Vương | L7: =COUNTIF('Test case'!$I$2:$I$97,K7) -> 65 | M7: =COUNTIFS('Test case'!$I$2:$I$97,K7,'Test case'!$K$2:$K$97,"Fail") -> 0
A8: UC04 | B8: Chỉ đường | C8: Minh | D8: =COUNTIF('Test case'!$B$2:$B$97,A8) -> 2 | E8: =COUNTIFS('Test case'!$B$2:$B$97,A8,'Test case'!$K$2:$K$97,"Pass") -> 0 | F8: =COUNTIFS('Test case'!$B$2:$B$97,A8,'Test case'!$K$2:$K$97,"Fail") -> 0 | G8: =COUNTIFS('Test case'!$B$2:$B$97,A8,'Test case'!$K$2:$K$97,"Blocked") -> 0 | H8: =COUNTIFS('Test case'!$B$2:$B$97,A8,'Test case'!$K$2:$K$97,"Chưa test") -> 2 | I8: =IF(D8=0,0,E8/D8) -> 0
A9: UC05 | B9: Quét QR | C9: Minh | D9: =COUNTIF('Test case'!$B$2:$B$97,A9) -> 3 | E9: =COUNTIFS('Test case'!$B$2:$B$97,A9,'Test case'!$K$2:$K$97,"Pass") -> 0 | F9: =COUNTIFS('Test case'!$B$2:$B$97,A9,'Test case'!$K$2:$K$97,"Fail") -> 0 | G9: =COUNTIFS('Test case'!$B$2:$B$97,A9,'Test case'!$K$2:$K$97,"Blocked") -> 0 | H9: =COUNTIFS('Test case'!$B$2:$B$97,A9,'Test case'!$K$2:$K$97,"Chưa test") -> 3 | I9: =IF(D9=0,0,E9/D9) -> 0
A10: UC06 | B10: Thuyết minh theo GPS | C10: Minh | D10: =COUNTIF('Test case'!$B$2:$B$97,A10) -> 3 | E10: =COUNTIFS('Test case'!$B$2:$B$97,A10,'Test case'!$K$2:$K$97,"Pass") -> 0 | F10: =COUNTIFS('Test case'!$B$2:$B$97,A10,'Test case'!$K$2:$K$97,"Fail") -> 0 | G10: =COUNTIFS('Test case'!$B$2:$B$97,A10,'Test case'!$K$2:$K$97,"Blocked") -> 0 | H10: =COUNTIFS('Test case'!$B$2:$B$97,A10,'Test case'!$K$2:$K$97,"Chưa test") -> 3 | I10: =IF(D10=0,0,E10/D10) -> 0
A11: UC07 | B11: Điều khiển audio | C11: Minh | D11: =COUNTIF('Test case'!$B$2:$B$97,A11) -> 3 | E11: =COUNTIFS('Test case'!$B$2:$B$97,A11,'Test case'!$K$2:$K$97,"Pass") -> 0 | F11: =COUNTIFS('Test case'!$B$2:$B$97,A11,'Test case'!$K$2:$K$97,"Fail") -> 0 | G11: =COUNTIFS('Test case'!$B$2:$B$97,A11,'Test case'!$K$2:$K$97,"Blocked") -> 0 | H11: =COUNTIFS('Test case'!$B$2:$B$97,A11,'Test case'!$K$2:$K$97,"Chưa test") -> 3 | I11: =IF(D11=0,0,E11/D11) -> 0
A12: UC08 | B12: Tour | C12: Minh | D12: =COUNTIF('Test case'!$B$2:$B$97,A12) -> 2 | E12: =COUNTIFS('Test case'!$B$2:$B$97,A12,'Test case'!$K$2:$K$97,"Pass") -> 0 | F12: =COUNTIFS('Test case'!$B$2:$B$97,A12,'Test case'!$K$2:$K$97,"Fail") -> 0 | G12: =COUNTIFS('Test case'!$B$2:$B$97,A12,'Test case'!$K$2:$K$97,"Blocked") -> 0 | H12: =COUNTIFS('Test case'!$B$2:$B$97,A12,'Test case'!$K$2:$K$97,"Chưa test") -> 2 | I12: =IF(D12=0,0,E12/D12) -> 0
A13: UC09 | B13: Tải gói offline | C13: Vương | D13: =COUNTIF('Test case'!$B$2:$B$97,A13) -> 8 | E13: =COUNTIFS('Test case'!$B$2:$B$97,A13,'Test case'!$K$2:$K$97,"Pass") -> 0 | F13: =COUNTIFS('Test case'!$B$2:$B$97,A13,'Test case'!$K$2:$K$97,"Fail") -> 0 | G13: =COUNTIFS('Test case'!$B$2:$B$97,A13,'Test case'!$K$2:$K$97,"Blocked") -> 0 | H13: =COUNTIFS('Test case'!$B$2:$B$97,A13,'Test case'!$K$2:$K$97,"Chưa test") -> 8 | I13: =IF(D13=0,0,E13/D13) -> 0
A14: UC10 | B14: Thông báo khu vực (app) | C14: Vương | D14: =COUNTIF('Test case'!$B$2:$B$97,A14) -> 7 | E14: =COUNTIFS('Test case'!$B$2:$B$97,A14,'Test case'!$K$2:$K$97,"Pass") -> 0 | F14: =COUNTIFS('Test case'!$B$2:$B$97,A14,'Test case'!$K$2:$K$97,"Fail") -> 0 | G14: =COUNTIFS('Test case'!$B$2:$B$97,A14,'Test case'!$K$2:$K$97,"Blocked") -> 0 | H14: =COUNTIFS('Test case'!$B$2:$B$97,A14,'Test case'!$K$2:$K$97,"Chưa test") -> 7 | I14: =IF(D14=0,0,E14/D14) -> 0
A15: UC11 | B15: Lịch sử, đánh giá | C15: Vương | D15: =COUNTIF('Test case'!$B$2:$B$97,A15) -> 7 | E15: =COUNTIFS('Test case'!$B$2:$B$97,A15,'Test case'!$K$2:$K$97,"Pass") -> 0 | F15: =COUNTIFS('Test case'!$B$2:$B$97,A15,'Test case'!$K$2:$K$97,"Fail") -> 0 | G15: =COUNTIFS('Test case'!$B$2:$B$97,A15,'Test case'!$K$2:$K$97,"Blocked") -> 0 | H15: =COUNTIFS('Test case'!$B$2:$B$97,A15,'Test case'!$K$2:$K$97,"Chưa test") -> 7 | I15: =IF(D15=0,0,E15/D15) -> 0
A16: UC12 | B16: Đăng nhập, đổi mật khẩu | C16: Thắng | D16: =COUNTIF('Test case'!$B$2:$B$97,A16) -> 3 | E16: =COUNTIFS('Test case'!$B$2:$B$97,A16,'Test case'!$K$2:$K$97,"Pass") -> 0 | F16: =COUNTIFS('Test case'!$B$2:$B$97,A16,'Test case'!$K$2:$K$97,"Fail") -> 0 | G16: =COUNTIFS('Test case'!$B$2:$B$97,A16,'Test case'!$K$2:$K$97,"Blocked") -> 0 | H16: =COUNTIFS('Test case'!$B$2:$B$97,A16,'Test case'!$K$2:$K$97,"Chưa test") -> 3 | I16: =IF(D16=0,0,E16/D16) -> 0
A17: UC13 | B17: Quản lý điểm | C17: Thắng | D17: =COUNTIF('Test case'!$B$2:$B$97,A17) -> 2 | E17: =COUNTIFS('Test case'!$B$2:$B$97,A17,'Test case'!$K$2:$K$97,"Pass") -> 0 | F17: =COUNTIFS('Test case'!$B$2:$B$97,A17,'Test case'!$K$2:$K$97,"Fail") -> 0 | G17: =COUNTIFS('Test case'!$B$2:$B$97,A17,'Test case'!$K$2:$K$97,"Blocked") -> 0 | H17: =COUNTIFS('Test case'!$B$2:$B$97,A17,'Test case'!$K$2:$K$97,"Chưa test") -> 2 | I17: =IF(D17=0,0,E17/D17) -> 0
A18: UC14 | B18: Mã QR | C18: Thắng | D18: =COUNTIF('Test case'!$B$2:$B$97,A18) -> 1 | E18: =COUNTIFS('Test case'!$B$2:$B$97,A18,'Test case'!$K$2:$K$97,"Pass") -> 0 | F18: =COUNTIFS('Test case'!$B$2:$B$97,A18,'Test case'!$K$2:$K$97,"Fail") -> 0 | G18: =COUNTIFS('Test case'!$B$2:$B$97,A18,'Test case'!$K$2:$K$97,"Blocked") -> 0 | H18: =COUNTIFS('Test case'!$B$2:$B$97,A18,'Test case'!$K$2:$K$97,"Chưa test") -> 1 | I18: =IF(D18=0,0,E18/D18) -> 0
A19: UC15 | B19: Nội dung gốc | C19: Thắng | D19: =COUNTIF('Test case'!$B$2:$B$97,A19) -> 1 | E19: =COUNTIFS('Test case'!$B$2:$B$97,A19,'Test case'!$K$2:$K$97,"Pass") -> 0 | F19: =COUNTIFS('Test case'!$B$2:$B$97,A19,'Test case'!$K$2:$K$97,"Fail") -> 0 | G19: =COUNTIFS('Test case'!$B$2:$B$97,A19,'Test case'!$K$2:$K$97,"Blocked") -> 0 | H19: =COUNTIFS('Test case'!$B$2:$B$97,A19,'Test case'!$K$2:$K$97,"Chưa test") -> 1 | I19: =IF(D19=0,0,E19/D19) -> 0
... A28: UC24 | B28: Thống kê, xuất Excel | C28: Vương | D28: =COUNTIF('Test case'!$B$2:$B$97,A28) -> 8 | E28: =COUNTIFS('Test case'!$B$2:$B$97,A28,'Test case'!$K$2:$K$97,"Pass") -> 0 | F28: =COUNTIFS('Test case'!$B$2:$B$97,A28,'Test case'!$K$2:$K$97,"Fail") -> 0 | G28: =COUNTIFS('Test case'!$B$2:$B$97,A28,'Test case'!$K$2:$K$97,"Blocked") -> 0 | H28: =COUNTIFS('Test case'!$B$2:$B$97,A28,'Test case'!$K$2:$K$97,"Chưa test") -> 8 | I28: =IF(D28=0,0,E28/D28) -> 0
A29: TỔNG | D29: =SUM(D5:D28) -> 96 | E29: =SUM(E5:E28) -> 0 | F29: =SUM(F5:F28) -> 0 | G29: =SUM(G5:G28) -> 0 | H29: =SUM(H5:H28) -> 96 | I29: =IF(D29=0,0,E29/D29) -> 0

Sheet Nhật ký lỗi
A1: Mã lỗi | B1: Mã TC liên quan | C1: Mô tả lỗi | D1: Mức độ | E1: Người phụ trách sửa | F1: Trạng thái | G1: Nguồn
A2: BUG-01 | B2: TC24-02 | C2: Bộ lọc điểm/ngôn ngữ/nguồn không áp dụng cho điểm đánh giá trung bình (StatsService: truy vấn đánh giá chỉ lọc theo ngày). | D2: Trung bình | E2: Vương | F2: Nghi vấn – cần xác minh khi chạy | G2: Đọc mã nguồn
A3: BUG-02 | B3: TC09-08 | C3: API tải gói offline không kiểm tra trạng thái tour: tour đã ẩn vẫn tải được gói, trái với README (A2 'gói offline ngừng phát hành'). | D3: Trung bình | E3: Thắng (AppApiController) / Vương | F3: Nghi vấn – cần xác minh khi chạy | G3: Đọc mã nguồn
A4: BUG-03 | B4: TC18-04 | C4: Sau khi ẩn tour, Admin không còn thấy tour trong danh sách nên không bật lại được từ giao diện. | D4: Thấp | E4: Vương | F4: Nghi vấn – cần xác minh khi chạy | G4: Đọc mã nguồn
A5: BUG-04 | B5: TC20-04 | C5: Sửa thông báo Khẩn gửi lại push cho toàn bộ thiết bị (mỗi lần Lưu). | D5: Thấp | E5: Vương | F5: Nghi vấn – cần xác minh khi chạy | G5: Đọc mã nguồn
A6: BUG-05 | B6: TC10-07 | C6: App đánh dấu 'đã xem' theo id; thông báo được sửa nội dung nhưng id không đổi nên người dùng không thấy lại. | D6: Thấp | E6: Vương / Minh (app_state) | F6: Nghi vấn – cần xác minh khi chạy | G6: Đọc mã nguồn
A7: BUG-06 | B7: TC20-02 | C7: Push Khẩn gửi tới mọi thiết bị có token, không lọc theo bán kính vùng. | D7: Thấp (xác nhận có chủ ý không) | E7: Vương | F7: Nghi vấn – cần xác minh khi chạy | G7: Đọc mã nguồn
A8: BUG-07 | B8: TC21-09 | C8: Cookie đăng nhập (Program.cs) không có OnValidatePrincipal: tài khoản bị khóa hoặc bị đổi/hạ vai trò vẫn dùng phiên cũ đến khi cookie hết hạn. | D8: Trung bình | E8: Thắng (Account) / Vương | F8: Xác nhận qua đọc code – nên chạy TC21-09 | G8: Đọc mã nguồn
A9: BUG-08 | B9: TC19-04 | C9: Xuất bản gói với lang không tồn tại/tắt: First() ném lỗi 'Sequence contains no matching element', thông báo khó hiểu. | D9: Thấp | E9: Vương | F9: Nghi vấn – cần xác minh khi chạy | G9: Đọc mã nguồn
A10: BUG-09 | B10: TC09-03 | C10: App giải nén zip chỉ bỏ '..' khỏi tên file; nên kiểm tra thêm đường dẫn tuyệt đối khi giải nén. | D10: Thấp | E10: Vương | F10: Nghi vấn – cần xác minh khi chạy | G10: Đọc mã nguồn
